first_name,last_name,biogrpahy,email,password
Melissa,Ellis,A writer, digital marketing pioneer, and Financial Times journal best-selling author who inspires and empowers people to create best results for their business.,melissaellis@faker.com,123456
Diane,Ross,Communicator. Alcohol buff. Certified music fanatic. Internet scholar. Wannabe bacon specialist.,dianeross@faker.com,123456
Aprli,Smith,Social media scholar. Award-winning twitteraholic. Bacon ninja. Thinker. Zombie maven.,aprilsmith@faker.com,123456
Derek,Baker,Travel guru. Entrepreneur. Music geek. Social media practitioner. Twitter expert. Wannabe explorer. Bacon fanatic. Zombie aficionado.,derekbaker@faker.com,123456
Kelly ,Oneal,Creator. Subtly charming coffee scholar. Twitter nerd. Student. Gamer. Musicaholic. Travel fanatic. Devoted problem solver. Food junkie.,kellyoneal@faker.com,123456
Austin,Brown,Tv guru. Alcohol evangelist. Problem solver. Amateur student. Introvert. Zombie scholar.,austinbrown@faker.com,123456
Thomas,Ramirez,Lifelong travel evangelist. Incurable alcohol fanatic. Music guru. Pop culture aficionado.,thomasramirez@faker.com,123456
Lisa,Martinez,Infuriatingly humble alcohol evangelist. Extreme reader. Social media nerd. Web trailblazer.,lisamartinez@faker.com,123456
Tony ,Barnes,Devoted zombie enthusiast. General communicator. Tv expert. Gamer. Travel evangelist. Food scholar.,tonybarnes@faker.com,123456
Melissa,Walker,General tv fan. Hardcore social media guru. Writer. Organizer. Pop culture geek.,melissawalker@faker.com,123456
Robert,Brown,Food fan. Tv guru. Subtly charming music scholar. Social media advocate. Bacon lover. Certified troublemaker. Webaholic. Coffee practitioner. Internet nerd.,robertbrown@faker.com,123456
Sara,Le,Wannabe student. Beer lover. Tv fanatic. Social media expert. Infuriatingly humble pop culture buff.,sarale@faker.com,123456
Christina ,Hampton,Communicator. Bacon fan. Twitter evangelist. Analyst. Entrepreneur. Lifelong troublemaker. Gamer. Reader. Zombie lover.,christinahampton@faker.com,123456
Alexa,Johnson,Bacon fan. Web expert. Travel buff. Amateur pop culture advocate. Alcohol enthusiast.,alexajohnson@faker.com,123456
Lauren,Wilson,Unable to type with boxing gloves on. Beer enthusiast. General pop culture advocate. Reader.,laurenwilson@faker.com,123456
Jpseph,Bryan,Alcoholaholic. Web advocate. Entrepreneur. Zombie enthusiast. Student. Explorer. Certified communicator. Total music specialist. Beer ninja.,theresagrimes@faker.com,123456
Jasmine,Morris,Communicator. Hardcore food aficionado. Tv expert. Social media geek. Bacon specialist. Avid music practitioner.,kellyfritz@faker.com,123456
Sydney,Burton,Social media guru. Tv trailblazer. Zombie expert. Introvert. Web ninja. Beer fanatic. Internet buff.,angelarobertson@faker.com,123456
Lauren,Bradley,"A writer, digital marketing pioneer, and Financial Times journal best-selling author who inspires and empowers people to create best results for their business.",johnmiles@faker.com,123456
Theresa,Grimes,Communicator. Alcohol buff. Certified music fanatic. Internet scholar. Wannabe bacon specialist.,melissacastro@faker.com,123456
Kelly ,Fritz,Social media scholar. Award-winning twitteraholic. Bacon ninja. Thinker. Zombie maven.,lindaburns@faker.com,123456
Angela,Robertson,Travel guru. Entrepreneur. Music geek. Social media practitioner. Twitter expert. Wannabe explorer. Bacon fanatic. Zombie aficionado.,katyfarley@faker.com,123456
John,Miles,Creator. Subtly charming coffee scholar. Twitter nerd. Student. Gamer. Musicaholic. Travel fanatic. Devoted problem solver. Food junkie.,kylegriffin@faker.com,123456
Melissa,Castro,Tv guru. Alcohol evangelist. Problem solver. Amateur student. Introvert. Zombie scholar.,marcuspeterson@faker.com,123456
Linda,Burns,Lifelong travel evangelist. Incurable alcohol fanatic. Music guru. Pop culture aficionado.,melissaquinn@faker.com,123456
Kathy,Farley,Infuriatingly humble alcohol evangelist. Extreme reader. Social media nerd. Web trailblazer.,maxsharp@faker.com,123456
Kyle,Griffin,Devoted zombie enthusiast. General communicator. Tv expert. Gamer. Travel evangelist. Food scholar.,karlpena@faker.com,123456
Marcus,Peterson,General tv fan. Hardcore social media guru. Writer. Organizer. Pop culture geek.,justinlara@faker.com,123456
Melissa,Quinn,Food fan. Tv guru. Subtly charming music scholar. Social media advocate. Bacon lover. Certified troublemaker. Webaholic. Coffee practitioner. Internet nerd.,wendydavis@faker.com,123456
Max,Sharp,Wannabe student. Beer lover. Tv fanatic. Social media expert. Infuriatingly humble pop culture buff.,michaelmedina@faker.com,123456
Karl,Pena,Communicator. Bacon fan. Twitter evangelist. Analyst. Entrepreneur. Lifelong troublemaker. Gamer. Reader. Zombie lover.,loganmorris@faker.com,123456
Justin,Lara,Bacon fan. Web expert. Travel buff. Amateur pop culture advocate. Alcohol enthusiast.,shannonhernandez@faker.com,123456
Wendy,Davis,Unable to type with boxing gloves on. Beer enthusiast. General pop culture advocate. Reader.,melissacox@faker.com,123456
Michael,Medina,Alcoholaholic. Web advocate. Entrepreneur. Zombie enthusiast. Student. Explorer. Certified communicator. Total music specialist. Beer ninja.,seanparsons@faker.com,123456
Logan,Morris,Food fan. Tv guru. Subtly charming music scholar. Social media advocate. Bacon lover. Certified troublemaker. Webaholic. Coffee practitioner. Internet nerd.,prestonyoung@faker.com,123456
Shannon,Hernandez,Wannabe student. Beer lover. Tv fanatic. Social media expert. Infuriatingly humble pop culture buff.,lindacastro@faker.com,123456
Melissa,Cox,Communicator. Bacon fan. Twitter evangelist. Analyst. Entrepreneur. Lifelong troublemaker. Gamer. Reader. Zombie lover.,seanmorris@faker.com,123456
Sean,Parsons,Bacon fan. Web expert. Travel buff. Amateur pop culture advocate. Alcohol enthusiast.,christinajohnson@faker.com,123456
Preston ,Young,Unable to type with boxing gloves on. Beer enthusiast. General pop culture advocate. Reader.,wendylara@faker.com,123456
